film_id,film_ru,film_en,year,scope_group,nomination_codes,comments_source,rezka_page_url,page_url_status,rezka_search_query,rezka_search_url,parse_ready
film_001,Франкенштейн,Frankenstein,2025,main_feature,best_picture;best_supporting_actor;best_adapted_screenplay;production_design;cinematography;score;makeup_hair;sound,hdrezka,https://rezka.fi/films/horror/80582-frankenshteyn-2025.html,search_only,Франкенштейн 2025,https://rezka.pub/search/?do=search&subaction=search&q=%D0%A4%D1%80%D0%B0%D0%BD%D0%BA%D0%B5%D0%BD%D1%88%D1%82%D0%B5%D0%B9%D0%BD+2025,0
film_002,Битва за битвой,One Battle After Another,2025,main_feature,best_picture;best_actor;best_director;best_supporting_actor;best_supporting_actress;best_adapted_screenplay;production_design;cinematography;casting;editing;score;sound,hdrezka,https://rezka.pub/films/drama/78875-bitva-za-bitvoy-2025-latest.html,found,Битва за битвой 2025,https://rezka.pub/search/?do=search&subaction=search&q=%D0%91%D0%B8%D1%82%D0%B2%D0%B0+%D0%B7%D0%B0+%D0%B1%D0%B8%D1%82%D0%B2%D0%BE%D0%B9+2025,1
film_003,Марти Великолепный,Marty Supreme,2025,main_feature,best_picture;best_actor;best_director;best_original_screenplay;production_design;cinematography;casting;costume_design;editing,hdrezka,https://rezka.pub/films/drama/81513-marti-velikolepnyy-2025-latest.html,found,Марти Великолепный 2025,https://rezka.pub/search/?do=search&subaction=search&q=%D0%9C%D0%B0%D1%80%D1%82%D0%B8+%D0%92%D0%B5%D0%BB%D0%B8%D0%BA%D0%BE%D0%BB%D0%B5%D0%BF%D0%BD%D1%8B%D0%B9+2025,1
film_004,Секретный агент,O Agente Secreto,2025,main_feature,best_picture;best_actor;casting;international_feature,hdrezka,https://rezka.fi/films/drama/85993-sekretnyy-agent-2025.html,search_only,Секретный агент 2025,https://rezka.pub/search/?do=search&subaction=search&q=%D0%A1%D0%B5%D0%BA%D1%80%D0%B5%D1%82%D0%BD%D1%8B%D0%B9+%D0%B0%D0%B3%D0%B5%D0%BD%D1%82+2025,0
film_005,F1,F1: The Movie,2025,main_feature,best_picture;visual_effects;editing;sound,hdrezka,https://rezka.pub/films/drama/74844-formula-1-2025-latest.html,found,F1 2025,https://rezka.pub/search/?do=search&subaction=search&q=F1+2025,1
film_006,Грешники,Sinners,2025,main_feature,best_picture;best_actor;best_director;best_supporting_actress;best_original_screenplay;production_design;casting;visual_effects;costume_design;editing;score;makeup_hair;sound,hdrezka,https://rezka.fi/films/drama/76368-greshniki-2025-latest.html,search_only,Грешники 2025,https://rezka.pub/search/?do=search&subaction=search&q=%D0%93%D1%80%D0%B5%D1%88%D0%BD%D0%B8%D0%BA%D0%B8+2025,0
film_007,Сентиментальная ценность,Affeksjonsverdi,2025,main_feature,best_picture;best_actress;best_director;best_supporting_actor;best_supporting_actress;best_original_screenplay;international_feature;editing,hdrezka,https://rezka.fi/films/drama/81786-sentimentalnaya-cennost-2025.html,search_only,Сентиментальная ценность 2025,https://rezka.pub/search/?do=search&subaction=search&q=%D0%A1%D0%B5%D0%BD%D1%82%D0%B8%D0%BC%D0%B5%D0%BD%D1%82%D0%B0%D0%BB%D1%8C%D0%BD%D0%B0%D1%8F+%D1%86%D0%B5%D0%BD%D0%BD%D0%BE%D1%81%D1%82%D1%8C+2025,0
film_008,Бугония,Bugonia,2025,main_feature,best_picture;best_actress;best_adapted_screenplay;score,hdrezka,https://rezka.pub/films/thriller/80524-bugoniya-2025-latest.html,found,Бугония 2025,https://rezka.pub/search/?do=search&subaction=search&q=%D0%91%D1%83%D0%B3%D0%BE%D0%BD%D0%B8%D1%8F+2025,1
film_009,"Хамнет: История, вдохновившая «Гамлета»",Hamnet,2025,main_feature,best_picture;best_actress;best_director;best_adapted_screenplay;production_design;casting;costume_design;score,hdrezka,https://rezka.fi/films/drama/84252-hamnet-istoriya-vdohnovivshaya-gamleta-2025.html,search_only,"Хамнет: История, вдохновившая «Гамлета» 2025",https://rezka.pub/search/?do=search&subaction=search&q=%D0%A5%D0%B0%D0%BC%D0%BD%D0%B5%D1%82%3A+%D0%98%D1%81%D1%82%D0%BE%D1%80%D0%B8%D1%8F%2C+%D0%B2%D0%B4%D0%BE%D1%85%D0%BD%D0%BE%D0%B2%D0%B8%D0%B2%D1%88%D0%B0%D1%8F+%C2%AB%D0%93%D0%B0%D0%BC%D0%BB%D0%B5%D1%82%D0%B0%C2%BB+2025,0
film_010,Сны поездов,Train Dreams,2025,main_feature,best_picture;best_adapted_screenplay;cinematography;song,hdrezka,https://rezka.fi/films/drama/83869-sny-poezdov-2025.html,search_only,Сны поездов 2025,https://rezka.pub/search/?do=search&subaction=search&q=%D0%A1%D0%BD%D1%8B+%D0%BF%D0%BE%D0%B5%D0%B7%D0%B4%D0%BE%D0%B2+2025,0
film_011,Голубая луна,Blue Moon,2025,supporting_feature,best_actor;best_original_screenplay,hdrezka,https://rezka.fi/films/drama/81201-golubaya-luna-2025.html,search_only,Голубая луна 2025,https://rezka.pub/search/?do=search&subaction=search&q=%D0%93%D0%BE%D0%BB%D1%83%D0%B1%D0%B0%D1%8F+%D0%BB%D1%83%D0%BD%D0%B0+2025,0
film_012,"Я бы тебя пнула, если бы могла",If I Had Legs I'd Kick You,2025,supporting_feature,best_actress,hdrezka,https://rezka.fi/films/drama/82514-ya-by-tebya-pnula-esli-by-mogla-2025.html,search_only,"Я бы тебя пнула, если бы могла 2025",https://rezka.pub/search/?do=search&subaction=search&q=%D0%AF+%D0%B1%D1%8B+%D1%82%D0%B5%D0%B1%D1%8F+%D0%BF%D0%BD%D1%83%D0%BB%D0%B0%2C+%D0%B5%D1%81%D0%BB%D0%B8+%D0%B1%D1%8B+%D0%BC%D0%BE%D0%B3%D0%BB%D0%B0+2025,0
film_013,Мелодия их мечты,Song Sung Blue,2025,supporting_feature,best_actress,hdrezka,https://rezka.fi/films/drama/84516-melodiya-ih-mechty-2025.html,search_only,Мелодия их мечты 2025,https://rezka.pub/search/?do=search&subaction=search&q=%D0%9C%D0%B5%D0%BB%D0%BE%D0%B4%D0%B8%D1%8F+%D0%B8%D1%85+%D0%BC%D0%B5%D1%87%D1%82%D1%8B+2025,0
film_014,Простая случайность,Yek tasadof-e sadeh,2025,supporting_feature,best_original_screenplay;international_feature,hdrezka,https://rezka.fi/films/drama/84994-prostaya-sluchaynost-2025.html,search_only,Простая случайность 2025,https://rezka.pub/search/?do=search&subaction=search&q=%D0%9F%D1%80%D0%BE%D1%81%D1%82%D0%B0%D1%8F+%D1%81%D0%BB%D1%83%D1%87%D0%B0%D0%B9%D0%BD%D0%BE%D1%81%D1%82%D1%8C+2025,0
film_015,Кей-поп-охотницы на демонов,KPop Demon Hunters,2025,animation,animated_feature;song,hdrezka,https://rezka.fi/cartoons/fantasy/79829-keypop-ohotnicy-na-demonov-2025-latest.html,search_only,Кей-поп-охотницы на демонов 2025,https://rezka.pub/search/?do=search&subaction=search&q=%D0%9A%D0%B5%D0%B9-%D0%BF%D0%BE%D0%BF-%D0%BE%D1%85%D0%BE%D1%82%D0%BD%D0%B8%D1%86%D1%8B+%D0%BD%D0%B0+%D0%B4%D0%B5%D0%BC%D0%BE%D0%BD%D0%BE%D0%B2+2025,0
film_016,Маленькая Амели,Amélie et la métaphysique des tubes,2025,animation,animated_feature,hdrezka,https://rezka.fi/cartoons/drama/84109-malenkaya-ameli-2025.html,search_only,Маленькая Амели 2025,https://rezka.pub/search/?do=search&subaction=search&q=%D0%9C%D0%B0%D0%BB%D0%B5%D0%BD%D1%8C%D0%BA%D0%B0%D1%8F+%D0%90%D0%BC%D0%B5%D0%BB%D0%B8+2025,0
film_017,Зверополис 2,Zootopia 2,2025,animation,animated_feature,hdrezka,https://rezka.fi/cartoons/comedy/82486-zveropolis-2-2025-latest.html,search_only,Зверополис 2 2025,https://rezka.pub/search/?do=search&subaction=search&q=%D0%97%D0%B2%D0%B5%D1%80%D0%BE%D0%BF%D0%BE%D0%BB%D0%B8%D1%81+2+2025,0
film_018,Арко,Arco,2025,animation,animated_feature,hdrezka,https://rezka.fi/cartoons/fiction/86970-arko-2025.html,search_only,Арко 2025,https://rezka.pub/search/?do=search&subaction=search&q=%D0%90%D1%80%D0%BA%D0%BE+2025,0
film_019,Элио,Elio,2025,animation,animated_feature,hdrezka,https://rezka.fi/cartoons/adventures/75224-elio-2025-latest.html,search_only,Элио 2025,https://rezka.pub/search/?do=search&subaction=search&q=%D0%AD%D0%BB%D0%B8%D0%BE+2025,0
film_020,Голос Хинд Раджаб,Sawt Hind Rajab,2025,supporting_feature,international_feature,hdrezka,https://rezka.fi/films/drama/87851-golos-hind-radzhab-2025.html,search_only,Голос Хинд Раджаб 2025,https://rezka.pub/search/?do=search&subaction=search&q=%D0%93%D0%BE%D0%BB%D0%BE%D1%81+%D0%A5%D0%B8%D0%BD%D0%B4+%D0%A0%D0%B0%D0%B4%D0%B6%D0%B0%D0%B1+2025,0
film_021,Сират,Sirât,2025,supporting_feature,international_feature;sound,hdrezka,https://rezka.fi/films/drama/82271-sirat-2025.html,search_only,Сират 2025,https://rezka.pub/search/?do=search&subaction=search&q=%D0%A1%D0%B8%D1%80%D0%B0%D1%82+2025,0
film_022,Аватар: Пламя и пепел,Avatar: Fire and Ash,2025,supporting_feature,visual_effects;costume_design,hdrezka,https://rezka.fi/films/fiction/81154-avatar-plamya-i-pepel-2025-latest.html,search_only,Аватар: Пламя и пепел 2025,https://rezka.pub/search/?do=search&subaction=search&q=%D0%90%D0%B2%D0%B0%D1%82%D0%B0%D1%80%3A+%D0%9F%D0%BB%D0%B0%D0%BC%D1%8F+%D0%B8+%D0%BF%D0%B5%D0%BF%D0%B5%D0%BB+2025,0
film_023,Школьный автобус,The Lost Bus,2025,supporting_feature,visual_effects,hdrezka,https://rezka.fi/films/drama/81169-shkolnyy-avtobus-2025-latest.html,search_only,Школьный автобус 2025,https://rezka.pub/search/?do=search&subaction=search&q=%D0%A8%D0%BA%D0%BE%D0%BB%D1%8C%D0%BD%D1%8B%D0%B9+%D0%B0%D0%B2%D1%82%D0%BE%D0%B1%D1%83%D1%81+2025,0
film_024,Мир Юрского периода: Возрождение,Jurassic World: Rebirth,2025,supporting_feature,visual_effects,hdrezka,https://rezka.fi/films/fiction/77309-mir-yurskogo-perioda-vozrozhdenie-2025-latest.html,search_only,Мир Юрского периода: Возрождение 2025,https://rezka.pub/search/?do=search&subaction=search&q=%D0%9C%D0%B8%D1%80+%D0%AE%D1%80%D1%81%D0%BA%D0%BE%D0%B3%D0%BE+%D0%BF%D0%B5%D1%80%D0%B8%D0%BE%D0%B4%D0%B0%3A+%D0%92%D0%BE%D0%B7%D1%80%D0%BE%D0%B6%D0%B4%D0%B5%D0%BD%D0%B8%D0%B5+2025,0
film_025,Крушащая машина / Крушитель ,The Smashing Machine,2025,supporting_feature,makeup_hair,hdrezka,https://rezka.fi/films/drama/79192-krushaschaya-mashina-2025-latest.html,search_only,Крушитель 2025,https://rezka.pub/search/?do=search&subaction=search&q=%D0%9A%D1%80%D1%83%D1%88%D0%B8%D1%82%D0%B5%D0%BB%D1%8C+2025,0
film_026,Гадкая сестра,Den stygge stesøsteren,2025,supporting_feature,makeup_hair,hdrezka,https://rezka.fi/films/horror/79500-gadkaya-sestra-2025-latest.html,search_only,Гадкая сестра 2025,https://rezka.pub/search/?do=search&subaction=search&q=%D0%93%D0%B0%D0%B4%D0%BA%D0%B0%D1%8F+%D1%81%D0%B5%D1%81%D1%82%D1%80%D0%B0+2025,0
film_027,Национальное достояние,Kokuho,2025,supporting_feature,makeup_hair,hdrezka,https://rezka.fi/films/drama/86204-nacionalnoe-dostoyanie-2025.html,search_only,Национальное достояние 2025,https://rezka.pub/search/?do=search&subaction=search&q=%D0%9D%D0%B0%D1%86%D0%B8%D0%BE%D0%BD%D0%B0%D0%BB%D1%8C%D0%BD%D0%BE%D0%B5+%D0%B4%D0%BE%D1%81%D1%82%D0%BE%D1%8F%D0%BD%D0%B8%D0%B5+2025,0
film_028,Орудия / Оружие,Weapons,2025,supporting_feature,best_supporting_actress,hdrezka,https://rezka.fi/films/horror/79140-orudiya-2025-latest.html,search_only,Орудия 2025,https://rezka.pub/search/?do=search&subaction=search&q=%D0%9E%D1%80%D1%83%D0%B4%D0%B8%D1%8F+2025,0
